id,name,gender,number,output
1,Crin,Female,4,0
2,Lori,Female,83,1
3,Lib,Female,84,1
4,Lina,Polygender,46,1
5,Maryl,Female,47,1
6,Nyssa,Female,3,1
7,Forrester,Male,93,1
8,Pascale,Male,60,1
9,Patsy,Agender,84,0
10,Farris,Male,63,1
11,Norene,Female,12,0
12,Linus,Male,50,0
13,Boycie,Male,30,1
14,Dukey,Male,30,1
15,Florinda,Female,13,0
16,Dianna,Female,1,1
17,Trstram,Male,36,1
18,Sibylle,Female,15,0
19,Asia,Female,33,0
20,Jarrad,Polygender,65,0
21,Tallou,Genderqueer,57,1
22,Emilia,Female,96,0
23,Benson,Male,73,1
24,Steffie,Female,21,1
25,Jeremias,Male,14,1
26,Urson,Genderqueer,56,1
27,Selma,Female,52,1
28,Arliene,Genderfluid,28,0
29,Vonni,Female,60,0
30,Remus,Male,96,1
31,Berk,Male,81,0
32,Clayson,Male,22,0
33,Orel,Female,18,1
34,Tyson,Male,19,0
35,Theodor,Male,60,0
36,Boyce,Male,31,0
37,Constantine,Male,17,0
38,Valerie,Female,53,0
39,Kristien,Female,35,1
40,Guthrie,Male,30,1
41,Shaun,Female,44,0
42,Tatum,Female,14,1
43,Eryn,Female,43,0
44,Lucila,Female,9,1
45,Taryn,Female,92,0
46,Edi,Female,8,1
47,Adelice,Genderfluid,46,1
48,Joycelin,Female,50,0
49,Vince,Non-binary,70,0
50,Reese,Male,96,0
51,Eveline,Female,79,0
52,Gregorius,Male,16,0
53,Hillie,Male,76,1
54,Aubine,Female,43,1
55,Moselle,Female,61,1
56,Mose,Bigender,78,0
57,Maynard,Male,56,0
58,Koenraad,Male,20,0
59,Devy,Male,61,1
60,Trudey,Female,92,0
61,Alvinia,Female,44,0
62,Gennifer,Female,89,0
63,Saw,Male,8,1
64,Murray,Genderfluid,72,1
65,Kahaleel,Non-binary,92,0
66,Goddard,Male,27,1
67,Caesar,Male,13,0
68,Drucie,Agender,84,1
69,Violetta,Female,71,0
70,Nicolis,Male,52,1
71,Lauren,Female,58,0
72,Angela,Female,55,1
73,Nickie,Female,62,1
74,Marlee,Female,13,1
75,Bogart,Male,47,1
76,Nahum,Male,95,1
77,Griswold,Male,93,0
78,Wilow,Female,45,0
79,Amalia,Genderqueer,49,1
80,Wyn,Male,49,0
81,Edmon,Male,43,1
82,Nils,Male,58,1
83,Wang,Genderqueer,7,1
84,Buiron,Male,17,0
85,Walton,Male,47,1
86,Gilemette,Female,58,0
87,Hort,Male,40,0
88,Ailsun,Female,59,1
89,Locke,Male,80,0
90,Mariette,Female,27,1
91,Nickolai,Male,83,0
92,Rubin,Male,38,1
93,Alfonse,Male,37,0
94,Antonio,Male,40,0
95,Monah,Female,4,1
96,Cletis,Male,62,1
97,Yardley,Male,61,0
98,Marla,Female,35,0
99,Farly,Genderqueer,99,1
100,Lowell,Male,99,1
101,Consuela,Female,1,1
102,Shanon,Female,67,1
103,Dotti,Female,72,1
104,Martynne,Female,42,1
105,Verene,Female,55,0
106,Caesar,Male,11,1
107,Dionisio,Male,47,0
108,Orton,Non-binary,44,1
109,Tirrell,Male,90,0
110,Mitzi,Female,84,0
111,Derwin,Male,35,1
112,Werner,Male,78,1
113,Zeke,Male,94,0
114,Tammi,Female,83,1
115,Ezequiel,Male,62,1
116,Morgana,Female,21,1
117,Constantino,Male,52,1
118,Ester,Female,89,0
119,Robers,Male,18,0
120,Blakelee,Female,68,1
121,Ddene,Female,86,1
122,Idette,Female,33,1
123,Meir,Male,80,0
124,Roley,Male,23,0
125,Iorgos,Male,27,0
126,Noami,Female,76,1
127,Catarina,Female,26,0
128,Agustin,Male,8,0
129,Saundra,Female,100,1
130,Liva,Female,12,1
131,Chelsey,Female,63,1
132,Port,Male,76,0
133,Alissa,Female,58,1
134,Biddy,Female,100,1
135,Genvieve,Female,83,0
136,Raymond,Male,76,1
137,Ring,Male,37,0
138,Normie,Male,63,1
139,Manon,Female,84,1
140,Olivia,Genderfluid,99,0
141,Leonerd,Male,3,1
142,Annamarie,Female,85,0
143,Dulciana,Female,86,1
144,Roanne,Non-binary,58,0
145,Diena,Female,71,1
146,Lawry,Male,3,1
147,Eberto,Male,57,1
148,Fredra,Female,8,0
149,Melamie,Female,16,1
150,Any,Male,29,0
151,Edd,Male,90,1
152,Cybill,Female,11,0
153,Skelly,Male,11,1
154,Dare,Male,58,0
155,Derry,Non-binary,63,0
156,Nicolina,Female,15,0
157,Starlene,Female,32,1
158,Kris,Male,97,0
159,Gunther,Male,100,1
160,Molli,Female,17,0
161,Ken,Non-binary,21,1
162,Renata,Female,85,0
163,Derril,Male,37,0
164,Anjanette,Female,4,0
165,Herman,Male,18,1
166,Clerissa,Female,11,0
167,Dulcine,Female,92,0
168,Myrwyn,Male,13,1
169,Aland,Male,7,0
170,Consuela,Female,85,1
171,Tilda,Female,51,0
172,Florinda,Female,95,0
173,Maximilian,Male,14,0
174,Madel,Female,25,0
175,Gray,Non-binary,10,1
176,Sherye,Female,21,0
177,Haleigh,Female,13,1
178,Rafaellle,Male,44,1
179,Bald,Male,30,0
180,Yetty,Female,72,1
181,Justina,Genderqueer,70,1
182,Koenraad,Male,59,0
183,Christoffer,Male,2,0
184,Yetta,Female,76,0
185,Dora,Female,49,0
186,Ricardo,Male,100,0
187,Theresina,Female,19,1
188,Holly-anne,Female,12,0
189,Isidora,Female,39,1
190,Aldrich,Male,19,0
191,Tremain,Male,53,0
192,Ben,Male,24,0
193,Ibby,Female,29,1
194,Aluin,Genderqueer,36,1
195,Jaymie,Male,26,0
196,Shirline,Female,18,1
197,Sascha,Male,83,1
198,Inesita,Female,53,1
199,Rancell,Bigender,19,0
200,Adrianna,Female,85,1
201,Christian,Male,76,1
202,Nelson,Male,46,1
203,Reed,Male,28,0
204,Fara,Female,54,1
205,Gwenora,Female,39,1
206,Renault,Male,54,1
207,Shannen,Female,31,1
208,Fletch,Male,53,1
209,Dewitt,Male,73,0
210,Valma,Female,80,0
211,Robina,Female,61,1
212,Chris,Female,38,0
213,Page,Female,55,1
214,Tracee,Genderqueer,42,1
215,Ayn,Female,64,1
216,Felicia,Female,46,1
217,Henrie,Female,6,1
218,Garreth,Male,94,0
219,Cordey,Female,63,0
220,Rochelle,Female,5,0
221,Dulcie,Female,39,1
222,Bob,Male,75,0
223,Leonelle,Female,76,1
224,Trudy,Female,22,1
225,Daren,Male,29,1
226,Maire,Female,46,1
227,Eugenie,Agender,95,1
228,Georgeanne,Female,39,0
229,Letitia,Female,51,0
230,Yanaton,Male,8,1
231,Jermaine,Female,1,1
232,Claudianus,Male,63,0
233,Wang,Male,93,1
234,Arne,Male,86,0
235,Aguistin,Male,67,0
236,Shayna,Female,48,0
237,Faina,Genderfluid,6,0
238,Willis,Male,9,0
239,Taffy,Female,68,1
240,Ely,Male,15,1
241,Collie,Female,13,1
242,Aldo,Male,4,1
243,Royce,Male,9,0
244,Lynsey,Female,97,0
245,Laura,Female,20,0
246,Jamie,Male,40,1
247,Carrie,Female,78,0
248,Kayle,Female,5,0
249,Terrye,Bigender,48,0
250,Minni,Genderfluid,100,0
251,Waverly,Genderqueer,12,1
252,Charmine,Female,41,1
253,Ferrel,Male,96,0
254,Ax,Male,59,0
255,Field,Male,73,0
256,Joyann,Female,40,0
257,Mildred,Female,15,1
258,Mort,Male,18,1
259,Oralla,Female,80,0
260,Jennette,Female,11,1
261,Shawn,Genderfluid,89,1
262,Prentice,Male,1,1
263,Kennedy,Male,73,1
264,Boote,Male,70,1
265,Kate,Female,21,0
266,Sally,Female,33,0
267,Kaylyn,Bigender,68,1
268,Weider,Male,60,0
269,Horton,Male,57,0
270,Angelita,Female,13,1
271,Ogden,Male,87,1
272,Ellerey,Male,39,0
273,Wain,Male,36,1
274,Jermain,Male,44,1
275,Brent,Male,89,1
276,Kitti,Female,94,0
277,Cesar,Male,51,1
278,Waverly,Male,13,1
279,Britt,Male,89,1
280,Ignacio,Male,70,1
281,Helaina,Female,22,0
282,Mercie,Female,44,1
283,Clair,Genderqueer,78,0
284,Pepita,Female,28,0
285,Vanna,Female,22,0
286,Wat,Male,90,1
287,Carmela,Female,90,0
288,Dee dee,Non-binary,26,0
289,Spencer,Male,37,0
290,Celinda,Female,8,1
291,Aldis,Male,73,0
292,Wilek,Male,88,1
293,Bondy,Male,63,0
294,Annissa,Female,73,0
295,Ashly,Female,72,1
296,Harmonia,Genderfluid,64,0
297,Vivianne,Female,36,1
298,Philbert,Male,43,0
299,Engracia,Female,3,1
300,Kirsten,Female,98,1
301,Godfree,Male,90,0
302,Emilee,Genderfluid,64,0
303,Aurelea,Female,3,1
304,Orland,Male,44,1
305,Mariam,Female,4,0
306,Kristoforo,Male,69,1
307,Ezequiel,Male,34,1
308,Zechariah,Male,3,0
309,Jeffrey,Male,32,1
310,Mozes,Male,45,1
311,Gloriana,Female,6,1
312,Lucias,Male,19,0
313,Katerine,Female,10,0
314,Mattias,Male,2,1
315,Maureene,Female,88,1
316,Randee,Female,55,0
317,Sabrina,Female,74,0
318,Augustus,Male,44,0
319,Cathe,Female,6,0
320,Paulette,Polygender,91,1
321,Korie,Female,51,1
322,Analise,Female,32,1
323,Cahra,Female,5,0
324,Averell,Male,92,1
325,Ogdan,Polygender,35,0
326,Vanda,Bigender,57,1
327,Lucius,Male,37,1
328,Melisenda,Female,2,0
329,Freddie,Female,14,0
330,Eli,Male,75,1
331,Lucie,Female,4,1
332,Truman,Male,64,1
333,Gabie,Genderfluid,78,0
334,Maury,Male,70,1
335,Ingaberg,Female,92,1
336,Gifford,Male,47,0
337,Chalmers,Male,91,1
338,Janka,Female,85,1
339,Theresa,Female,17,1
340,Ernestine,Female,92,1
341,Hubert,Male,40,0
342,Kristan,Female,11,1
343,Mirabel,Female,2,0
344,Kingsly,Male,100,0
345,Archibald,Male,61,0
346,Bearnard,Male,61,0
347,Bran,Bigender,84,1
348,Cosetta,Female,10,1
349,Hildagard,Female,64,1
350,Trever,Male,71,1
351,Ram,Male,74,1
352,Gabie,Genderfluid,57,0
353,Millard,Male,42,1
354,Venus,Female,28,0
355,Erich,Male,47,0
356,Dede,Polygender,82,1
357,Sadie,Agender,79,0
358,Jephthah,Male,17,0
359,Hobart,Male,99,1
360,Albina,Female,22,1
361,Francois,Male,15,1
362,Gordie,Male,67,1
363,Guillema,Female,8,0
364,Philipa,Female,39,1
365,Hollyanne,Female,21,0
366,Herschel,Male,4,1
367,Tommy,Bigender,32,0
368,Rosabelle,Female,13,1
369,Von,Male,25,1
370,Guillema,Female,97,0
371,Barclay,Male,88,0
372,Nye,Male,62,0
373,Rosalyn,Female,1,1
374,Lukas,Male,69,0
375,Anthe,Female,79,0
376,Cati,Female,41,1
377,Ninette,Female,25,0
378,Edan,Male,54,1
379,Bax,Male,94,0
380,Tabbie,Female,79,0
381,Winnah,Genderfluid,53,0
382,Freemon,Male,64,1
383,Aksel,Male,64,1
384,Melinda,Female,57,1
385,Flem,Male,51,0
386,Clarence,Male,63,0
387,Helenka,Female,80,1
388,Hersch,Male,67,1
389,Rosamond,Female,51,0
390,Janetta,Female,35,0
391,Shaylyn,Female,11,1
392,Ruggiero,Male,61,1
393,Jyoti,Female,97,1
394,Vallie,Female,22,0
395,Mal,Male,27,1
396,Benny,Female,88,0
397,Ansell,Male,12,1
398,Allis,Female,99,0
399,Erina,Female,56,1
400,Daven,Male,45,1
401,Randy,Female,62,1
402,Danny,Male,29,0
403,Connie,Male,69,1
404,Emelyne,Genderfluid,31,0
405,Gray,Male,39,1
406,Monica,Female,38,1
407,Pamela,Female,89,0
408,Sloan,Male,35,0
409,Sidney,Genderqueer,12,1
410,Prue,Female,4,0
411,Janith,Female,87,1
412,Bea,Female,44,1
413,Yul,Male,47,0
414,Billie,Male,34,0
415,Aubrey,Female,50,0
416,Auroora,Female,54,0
417,Albertine,Female,24,1
418,Bordie,Male,79,1
419,Tessi,Non-binary,57,1
420,Aloise,Female,71,0
421,Daphna,Polygender,64,0
422,Rodina,Female,42,1
423,Terry,Female,76,0
424,Georgie,Male,14,1
425,Lorena,Female,60,0
426,Norean,Bigender,37,0
427,Magdalen,Bigender,29,0
428,Felicdad,Female,69,1
429,Quincy,Male,55,0
430,Ashlee,Female,53,0
431,Sadie,Agender,58,1
432,Pansie,Female,40,1
433,Kristian,Male,38,0
434,Bancroft,Male,6,0
435,Chic,Male,100,0
436,Tomkin,Male,92,1
437,Tammie,Male,85,0
438,Aurlie,Female,69,1
439,Deanna,Female,68,1
440,Deidre,Female,81,1
441,Pattin,Male,32,1
442,Standford,Male,33,1
443,Gaylor,Male,22,1
444,Jamesy,Male,8,1
445,Claresta,Female,49,0
446,Lester,Male,14,0
447,Estevan,Male,62,1
448,Shelagh,Female,66,1
449,Fin,Male,18,0
450,Devinne,Female,52,1
451,Patty,Female,84,1
452,Cathee,Female,95,1
453,Obidiah,Bigender,93,1
454,Amalee,Female,74,1
455,Yettie,Female,42,1
456,Ned,Male,13,1
457,Melony,Genderfluid,13,0
458,Richardo,Male,4,0
459,Bennett,Male,61,1
460,Corny,Male,64,0
461,Roosevelt,Male,24,0
462,Adena,Female,4,1
463,Tessy,Female,93,1
464,Jackie,Male,50,0
465,Osbert,Male,83,0
466,Kimbra,Female,39,1
467,Worthy,Male,72,0
468,Marv,Male,70,1
469,Laraine,Female,29,1
470,Olenolin,Male,74,0
471,Frasquito,Male,80,1
472,Colleen,Female,52,1
473,Morie,Male,7,1
474,Sheryl,Female,48,1
475,Jennette,Female,61,0
476,Milly,Female,89,1
477,Robinet,Female,9,0
478,Emelen,Male,27,0
479,Betsey,Female,90,0
480,Montague,Male,84,0
481,Sonnie,Male,95,1
482,Andonis,Male,74,0
483,Pincas,Male,58,1
484,Whitaker,Male,6,1
485,Lexine,Female,76,0
486,Nicholas,Male,9,0
487,Sarina,Female,46,0
488,Fidelio,Male,11,0
489,Aaron,Male,84,1
490,Kerwin,Male,59,1
491,Lucho,Male,25,0
492,Karole,Polygender,96,0
493,Amandie,Female,27,0
494,Gibbie,Male,42,1
495,Herminia,Female,57,0
496,Evered,Male,36,0
497,Evita,Female,16,1
498,Jourdain,Male,15,0
499,Rex,Male,33,1
500,Hilliard,Male,11,1
501,Moises,Male,11,1
502,Lelah,Female,67,0
503,Giuseppe,Male,60,1
504,Bear,Male,2,1
505,Kyle,Male,83,1
506,Valentine,Female,31,0
507,Ilse,Genderqueer,4,0
508,Elyn,Female,34,1
509,Orella,Female,71,0
510,Andrey,Male,77,1
511,Jacqui,Female,54,0
512,Stephi,Genderqueer,60,1
513,Nicko,Male,60,0
514,Wiatt,Male,84,1
515,Warde,Male,96,0
516,Homer,Male,10,0
517,Sterne,Male,64,1
518,Shayla,Female,59,1
519,Ellery,Male,70,1
520,Jojo,Female,42,1
521,Jehanna,Female,100,0
522,Dagmar,Female,85,1
523,Alwyn,Agender,22,0
524,Sarine,Female,29,1
525,Ema,Female,78,0
526,Tamar,Female,9,0
527,Elka,Bigender,98,0
528,Gian,Male,94,0
529,Rodrique,Male,65,0
530,Leroy,Male,47,1
531,Sayres,Male,98,0
532,Lorne,Male,13,0
533,Klement,Male,76,1
534,Pooh,Female,54,1
535,Rudy,Male,94,0
536,Lisetta,Female,34,0
537,Tandie,Female,46,1
538,Giralda,Genderfluid,16,0
539,Shantee,Genderqueer,99,1
540,Izaak,Male,78,0
541,Georg,Male,2,0
542,Zeke,Male,20,0
543,Cordula,Female,42,1
544,Burton,Male,82,1
545,Wiatt,Male,67,0
546,Mikel,Male,69,0
547,Tatiania,Female,87,1
548,Gerianne,Female,76,0
549,Laney,Male,87,1
550,Rafaelita,Female,95,0
551,Titos,Male,90,1
552,Dulcie,Female,93,1
553,Auroora,Female,59,0
554,Denys,Male,56,1
555,Hunt,Male,44,0
556,Lisle,Male,91,1
557,Nicolis,Male,89,1
558,Verena,Female,22,1
559,Vasily,Male,26,0
560,Catriona,Female,48,0
561,Ravi,Male,18,1
562,Austine,Female,68,0
563,Elli,Female,77,0
564,Pate,Bigender,11,1
565,Jamaal,Male,39,1
566,Blondie,Female,5,0
567,Tildy,Female,86,1
568,Concettina,Agender,87,0
569,Tobi,Bigender,33,0
570,Sig,Male,44,0
571,Goraud,Male,30,1
572,Mady,Polygender,93,0
573,Dorian,Female,81,1
574,Carling,Male,40,1
575,Grange,Male,56,1
576,Jamie,Female,98,0
577,Lula,Genderfluid,100,0
578,Claus,Male,97,0
579,Gabey,Polygender,43,1
580,Talia,Female,12,1
581,Lorraine,Female,24,0
582,Elston,Male,11,0
583,Isabeau,Female,92,1
584,Nikolaus,Male,48,0
585,Ken,Male,81,1
586,Langston,Male,58,0
587,Ediva,Genderfluid,30,1
588,Goldarina,Female,72,0
589,Liuka,Female,88,0
590,Margot,Non-binary,56,1
591,Madlen,Female,27,1
592,Essie,Female,32,0
593,Cornela,Female,63,0
594,Stafford,Male,23,0
595,Leslie,Female,80,0
596,Winn,Male,70,0
597,Celina,Female,63,1
598,Alick,Male,5,0
599,Tan,Male,21,1
600,Eleanore,Agender,7,1
601,Orelia,Genderfluid,19,0
602,Dorey,Female,59,1
603,Sianna,Female,6,0
604,Tasia,Female,3,0
605,Kevyn,Female,87,0
606,Delmar,Agender,85,0
607,Constantina,Female,90,0
608,Bennie,Male,61,0
609,Si,Male,14,1
610,Bear,Male,2,1
611,Meridel,Female,75,0
612,Evan,Male,82,1
613,Ash,Male,67,0
614,Brant,Male,22,1
615,Nata,Female,58,0
616,Koenraad,Male,58,0
617,Dniren,Female,34,0
618,Sonny,Male,38,1
619,West,Male,90,0
620,Stephie,Female,57,1
621,Olenolin,Male,3,1
622,Hakim,Male,26,1
623,Donica,Female,84,1
624,Allister,Male,52,0
625,Mikel,Male,56,0
626,Cirillo,Male,37,0
627,Samantha,Genderfluid,17,0
628,Herby,Male,4,1
629,Seth,Male,1,0
630,Tammie,Male,100,0
631,Ariela,Female,34,0
632,Celinka,Female,81,0
633,Jeramey,Male,77,0
634,Helenka,Female,64,1
635,Ortensia,Female,90,0
636,Nester,Genderfluid,88,1
637,Leopold,Male,18,1
638,Corbin,Male,45,1
639,Flossie,Female,55,0
640,Tammie,Male,56,0
641,Val,Female,27,1
642,Ernesto,Polygender,92,0
643,Eugenia,Female,3,0
644,Evy,Female,45,0
645,Mora,Female,79,0
646,Briant,Male,79,0
647,Gerome,Male,17,0
648,Zollie,Male,12,1
649,Ole,Male,43,0
650,Marieann,Female,64,1
651,Letty,Female,98,1
652,Ferne,Polygender,82,1
653,Ignatius,Male,26,0
654,Payton,Male,14,1
655,Arabele,Female,55,1
656,Farrah,Genderfluid,64,1
657,Jermaine,Polygender,15,1
658,Lorine,Female,51,0
659,Clayson,Male,6,0
660,Margot,Female,50,1
661,Jeromy,Male,68,1
662,Giff,Male,73,0
663,Audrey,Female,61,1
664,Burton,Male,56,1
665,Sylvester,Male,36,1
666,Gordon,Male,37,0
667,Red,Male,3,0
668,Redford,Male,84,1
669,Ilario,Male,61,0
670,Christie,Male,20,1
671,Jaquith,Female,19,1
672,Russ,Male,6,0
673,Denyse,Female,39,1
674,Concettina,Female,60,1
675,Cordell,Male,2,1
676,Vincents,Male,96,1
677,Leela,Female,90,0
678,Alix,Female,25,0
679,Myca,Male,56,0
680,Shannon,Male,93,0
681,Kelwin,Male,76,1
682,Hillel,Male,84,0
683,Franzen,Male,9,1
684,Thane,Male,97,0
685,Cordy,Male,23,0
686,Tiler,Male,45,0
687,Barbra,Female,36,0
688,Smith,Male,39,1
689,Fredrika,Female,93,0
690,Garrik,Male,26,1
691,Lorilyn,Female,38,0
692,Mercedes,Female,41,0
693,Avigdor,Male,20,1
694,Henryetta,Female,75,1
695,Camilla,Female,92,1
696,Ethelin,Female,86,0
697,Isadore,Male,92,0
698,Charil,Female,29,1
699,Cly,Male,2,1
700,Barnie,Male,39,0
701,Layney,Female,19,0
702,Fionna,Bigender,39,1
703,Dru,Male,42,1
704,Kerwinn,Male,56,1
705,Sammie,Genderfluid,89,1
706,Florinda,Female,61,1
707,Nert,Female,62,0
708,Alikee,Female,78,0
709,Blinni,Female,97,1
710,Reggy,Male,71,0
711,Buck,Male,14,1
712,Constantino,Agender,64,1
713,Chester,Male,12,1
714,Pepi,Female,98,0
715,Kris,Female,73,0
716,Leora,Female,18,0
717,Kristine,Female,1,1
718,Anstice,Female,33,0
719,Steve,Male,66,0
720,Dionne,Female,91,1
721,Baxter,Male,41,0
722,Davis,Male,21,1
723,Curt,Genderfluid,33,1
724,Ferdinande,Female,77,0
725,Hulda,Female,2,1
726,Leandra,Female,15,0
727,Byram,Male,10,0
728,Evangelina,Female,10,1
729,Rudolph,Male,51,0
730,Phip,Male,6,0
731,Lombard,Male,62,0
732,Clio,Female,77,0
733,Stephenie,Bigender,85,0
734,Ermengarde,Female,67,1
735,Vito,Male,94,0
736,Madelle,Female,77,1
737,Kaleena,Female,62,1
738,Timothee,Bigender,84,1
739,Yorgo,Male,5,0
740,Maxim,Genderfluid,54,0
741,Katlin,Female,28,1
742,Truda,Female,56,1
743,Chrotoem,Male,93,1
744,Christoforo,Male,26,0
745,Emery,Male,76,1
746,Teirtza,Female,72,1
747,Christoffer,Male,87,1
748,Janaya,Female,1,1
749,Aliza,Female,22,0
750,Farlie,Male,16,0
751,Tannie,Genderqueer,45,0
752,Jemimah,Female,48,1
753,Halette,Female,52,1
754,Kimberley,Female,84,0
755,Donelle,Female,43,1
756,Iormina,Female,48,1
757,Tucky,Male,24,1
758,Bret,Male,53,0
759,Burty,Male,100,1
760,Caz,Non-binary,32,1
761,Ripley,Male,61,1
762,Minette,Female,36,1
763,Demeter,Female,18,1
764,Kiel,Male,63,0
765,Alaster,Male,58,0
766,Baily,Male,100,1
767,Maia,Female,97,1
768,Lynelle,Genderfluid,89,0
769,Den,Male,36,1
770,Tammy,Male,4,1
771,Kean,Male,19,1
772,Enrica,Female,42,1
773,Kassia,Female,51,1
774,Cornell,Male,21,1
775,Kelley,Female,27,1
776,Celinda,Female,52,0
777,Claresta,Female,50,0
778,Tatum,Female,89,1
779,Abrahan,Male,35,0
780,Garrett,Male,4,0
781,Harcourt,Male,87,0
782,Zerk,Male,45,0
783,Janaya,Female,38,0
784,Rafaelita,Female,37,1
785,Nappie,Male,85,0
786,Trix,Female,2,1
787,Bobby,Female,86,0
788,Emmery,Male,60,0
789,Bartie,Male,11,1
790,Errick,Male,17,1
791,Estele,Non-binary,10,0
792,Serena,Female,29,0
793,Filmore,Male,92,0
794,Karlotta,Female,50,1
795,Ilsa,Female,91,0
796,Korrie,Female,83,0
797,Avivah,Female,47,0
798,Briano,Male,78,0
799,Frederique,Female,28,1
800,Brandise,Female,62,1
801,Keelby,Polygender,8,0
802,Antonie,Female,88,0
803,Lorine,Female,20,1
804,Eloisa,Female,96,0
805,Melinde,Female,16,1
806,Francyne,Female,75,1
807,Camey,Male,62,1
808,Jamill,Male,48,1
809,Antonetta,Female,90,1
810,Rand,Male,26,1
811,Hester,Female,78,0
812,Jessika,Genderfluid,55,0
813,Kasey,Female,1,1
814,Kaylee,Female,16,0
815,Delila,Female,61,1
816,Brandise,Female,60,1
817,Kimberli,Female,81,1
818,Pascal,Male,54,0
819,Solomon,Male,37,0
820,Silvia,Female,5,0
821,Mannie,Male,71,0
822,Xenos,Male,71,1
823,Oralia,Female,17,0
824,Marilin,Female,48,0
825,Jules,Male,87,1
826,Cathrin,Female,26,0
827,Leicester,Male,41,0
828,Christoph,Male,94,1
829,Chadwick,Male,76,1
830,Antonia,Female,41,1
831,Benita,Female,11,1
832,Hubie,Male,12,1
833,Andreana,Female,51,0
834,Merridie,Female,25,0
835,Hans,Genderqueer,46,1
836,Magdaia,Female,16,0
837,Yance,Male,69,1
838,Trumaine,Male,32,0
839,Boote,Male,79,0
840,Giacobo,Male,32,1
841,Tracy,Male,3,1
842,Terrel,Male,13,0
843,Tracey,Male,90,0
844,Avery,Male,3,0
845,Flynn,Male,47,0
846,Anni,Female,85,0
847,Dalston,Male,95,1
848,Matthiew,Male,76,0
849,Bambie,Female,65,0
850,Elbert,Male,57,1
851,Riki,Female,6,1
852,Payton,Male,88,0
853,Guntar,Male,9,1
854,Daniella,Female,39,0
855,Barbie,Female,22,1
856,Elayne,Female,43,0
857,Loella,Non-binary,59,1
858,Bebe,Female,98,1
859,Martita,Female,51,0
860,Tansy,Female,88,1
861,Mel,Male,93,0
862,Hester,Female,12,1
863,Melony,Non-binary,46,1
864,Linn,Genderqueer,37,1
865,Darrin,Polygender,24,0
866,Karisa,Female,62,1
867,Lari,Female,66,1
868,Linoel,Male,53,1
869,Ania,Female,6,0
870,Rolf,Non-binary,79,0
871,Rhett,Agender,65,0
872,Hasheem,Male,54,1
873,Cory,Female,73,0
874,Gloriane,Female,77,0
875,Roddie,Male,74,0
876,Mechelle,Female,21,1
877,Granthem,Male,74,1
878,Lavinia,Female,51,1
879,Benedicto,Male,58,1
880,Marcos,Male,23,0
881,Elwin,Genderfluid,3,1
882,Natala,Agender,79,1
883,Fionnula,Female,22,1
884,Willdon,Male,91,0
885,Stacee,Female,32,1
886,Dylan,Male,73,0
887,Gaynor,Female,37,0
888,Orlando,Male,24,1
889,Gabie,Female,1,0
890,Iormina,Female,10,1
891,Garrot,Male,21,1
892,Rockey,Male,47,1
893,Avivah,Female,42,1
894,Vickie,Female,41,0
895,Gertrud,Female,26,1
896,Wilma,Female,33,0
897,Roddy,Male,77,0
898,Terrel,Male,42,0
899,Vivianna,Non-binary,64,1
900,Shae,Female,48,0
901,Bordy,Male,18,1
902,Giffy,Male,72,1
903,Jard,Male,12,1
904,Ambrose,Male,11,0
905,Cam,Female,9,1
906,Pernell,Male,50,1
907,Decca,Genderfluid,3,0
908,Leslie,Male,20,1
909,Mozelle,Female,15,1
910,Marj,Female,3,1
911,Leone,Female,52,1
912,Trey,Male,29,1
913,Worth,Male,49,0
914,Antonietta,Female,54,1
915,Mil,Female,13,1
916,Annaliese,Female,92,0
917,Patti,Female,99,1
918,Worthington,Genderfluid,72,1
919,Maressa,Female,12,1
920,Kaylee,Genderfluid,46,0
921,Briney,Female,54,0
922,Cristie,Polygender,92,0
923,Alexia,Female,55,0
924,Breanne,Female,65,1
925,Eberto,Male,25,0
926,Pippy,Female,72,0
927,Baxie,Male,62,0
928,Durante,Male,31,1
929,Craggie,Polygender,98,1
930,Sisely,Female,35,1
931,Adda,Female,91,1
932,Elvira,Female,70,1
933,Eduardo,Male,60,1
934,Aldrich,Male,98,0
935,Crissie,Female,22,0
936,Tiphany,Female,33,0
937,Puff,Male,37,0
938,Kala,Female,97,0
939,Kris,Female,84,1
940,Betti,Female,14,1
941,Freddie,Female,3,1
942,Marcelle,Female,41,1
943,Audie,Genderfluid,38,1
944,Coreen,Female,41,0
945,Braden,Male,99,1
946,Kathryn,Female,16,1
947,Lainey,Female,47,1
948,Klement,Male,57,1
949,Forbes,Male,29,0
950,Nixie,Polygender,47,1
951,Rodrique,Male,97,0
952,Margaret,Female,22,0
953,Nicola,Male,76,1
954,Oliver,Male,20,1
955,Wenda,Female,96,0
956,Laurie,Female,80,1
957,Charlie,Male,19,0
958,Charmian,Female,97,1
959,Barney,Male,72,0
960,Cleon,Male,89,1
961,Kassi,Female,62,1
962,Lissi,Genderfluid,27,1
963,Nevil,Male,36,0
964,Celka,Female,91,1
965,Adda,Female,35,1
966,Yorke,Male,67,1
967,Rutherford,Male,84,0
968,Katherina,Female,92,1
969,Teddy,Male,56,0
970,Euphemia,Female,7,1
971,Fulton,Male,39,1
972,Justen,Male,71,1
973,Alexia,Female,27,1
974,Adrianne,Female,90,0
975,Shelly,Female,26,1
976,Binky,Male,47,0
977,Kara-lynn,Bigender,77,0
978,Grace,Male,76,1
979,Mose,Male,27,0
980,Padget,Male,91,0
981,Dore,Male,47,1
982,Creight,Male,97,1
983,Lynnett,Female,52,1
984,Bertie,Male,70,1
985,Knox,Male,72,1
986,Mac,Genderfluid,68,0
987,Fionna,Female,24,1
988,Jesse,Male,44,1
989,Victoria,Female,46,1
990,Dallis,Male,31,0
991,Karolina,Female,43,0
992,Garold,Male,12,1
993,Pepito,Male,71,0
994,Rockie,Male,28,0
995,Gasper,Male,57,1
996,Filippa,Female,32,0
997,Chelsie,Female,72,0
998,Wilhelm,Male,56,1
999,Demetri,Male,64,1
1000,Aubrey,Male,87,1
